Vol-1563,Vol-1242
Vol-1562,Vol-1360
Vol-1562,Vol-1140
Vol-1562,Vol-1029
Vol-1562,Vol-847
Vol-1562,Vol-705
Vol-1562,Vol-563
Vol-1562,Vol-438
Vol-1559,Vol-1337
Vol-1559,Vol-1129
Vol-1558,Vol-1330
Vol-1558,Vol-1133
Vol-1555,Vol-1134
Vol-1555,Vol-1346
Vol-1554,Vol-1258
Vol-1554,Vol-1115
Vol-1548,Vol-1326
Vol-1546,Vol-1320
Vol-1546,Vol-1114
Vol-1546,Vol-952
Vol-1546,Vol-698
Vol-1546,Vol-559
Vol-1546,Vol-435
Vol-1545,Vol-1317
Vol-1545,Vol-1111
Vol-1545,Vol-946
Vol-1545,Vol-814
Vol-1545,Vol-689
Vol-1545,Vol-551
Vol-1545,Vol-431
Vol-1545,Vol-304
Vol-1545,Vol-225
Vol-1541,Vol-1290
Vol-1539,Vol-475
Vol-1536,Vol-1297
Vol-1536,Vol-1108
Vol-1536,Vol-934
Vol-1536,Vol-803
Vol-1533,Vol-1278
Vol-1532,Vol-936
Vol-1532,Vol-775
Vol-1532,Vol-571
Vol-1531,Vol-1321
Vol-1531,Vol-1071
Vol-1531,Vol-262
Vol-1530,Vol-1325
Vol-1529,Vol-1306
Vol-1529,Vol-1091
Vol-1529,Vol-912
Vol-1529,Vol-801
Vol-1527,Vol-1293
Vol-1527,Vol-1027
Vol-1526,Vol-1120
Vol-1526,Vol-770
Vol-1526,Vol-497
Vol-1524,Vol-1305
Vol-1523,Vol-1304
Vol-1523,Vol-1097
Vol-1523,Vol-966
Vol-1523,Vol-808
Vol-1523,Vol-713
Vol-1523,Vol-555
Vol-1523,Vol-440
Vol-1523,Vol-299
Vol-1515,Vol-1327
Vol-1515,Vol-1060
Vol-1515,Vol-897
Vol-1515,Vol-833
Vol-1514,Vol-1235
Vol-1514,Vol-1069
Vol-1512,Vol-1092
Vol-1512,Vol-1285
Vol-1511,Vol-1236
Vol-1511,Vol-1102
Vol-1511,Vol-1237
Vol-1511,Vol-1112
Vol-1510,Vol-1100
Vol-1510,Vol-1315
Vol-1508,Vol-1250
Vol-1508,Vol-1084
Vol-1508,Vol-795
Vol-1508,Vol-644
Vol-1508,Vol-507
Vol-1508,Vol-503
Vol-1505,Vol-1286
Vol-1503,Vol-1258
Vol-1503,Vol-1115
Vol-1500,Vol-1277
Vol-1500,Vol-1077
Vol-1498,Vol-1152
Vol-1497,Vol-1023
Vol-1497,Vol-933
Vol-1496,Vol-1067
Vol-1495,Vol-578
Vol-1494,Vol-1339
Vol-1492,Vol-1269
Vol-1492,Vol-1032
Vol-1492,Vol-928
Vol-1491,Vol-1262
Vol-1491,Vol-1045
Vol-1491,Vol-660
Vol-1488,Vol-1401
Vol-1488,Vol-901
Vol-1488,Vol-798
Vol-1488,Vol-518
Vol-1488,Vol-1063
Vol-1488,Vol-904
Vol-1488,Vol-839
Vol-1488,Vol-668
Vol-1488,Vol-522
Vol-1488,Vol-1303
Vol-1486,Vol-1272
Vol-1486,Vol-1035
Vol-1486,Vol-914
Vol-1486,Vol-658
Vol-1486,Vol-401
Vol-1483,Vol-1221
Vol-1483,Vol-1072
Vol-1481,Vol-1224
Vol-1480,Vol-1471
Vol-1480,Vol-1460
Vol-1480,Vol-1135
Vol-1479,Vol-1259
Vol-1479,Vol-1073
Vol-1479,Vol-900
Vol-1479,Vol-778
Vol-1479,Vol-654
Vol-1479,Vol-527
Vol-1479,Vol-423
Vol-1479,Vol-327
Vol-1479,Vol-218
Vol-1479,Vol-173
Vol-1478,Vol-1318
Vol-1477,Vol-1476
Vol-1477,Vol-1475
Vol-1477,Vol-1429
Vol-1476,Vol-1475
Vol-1476,Vol-1429
Vol-1475,Vol-1429
Vol-1474,Vol-1270
Vol-1474,Vol-794
Vol-1474,Vol-641
Vol-1474,Vol-509
Vol-1472,Vol-1279
Vol-1471,Vol-1460
Vol-1471,Vol-1135
Vol-1468,Vol-1149
Vol-1467,Vol-1267
Vol-1467,Vol-1057
Vol-1466,Vol-1252
Vol-1466,Vol-1062
Vol-1466,Vol-972
Vol-1466,Vol-959
Vol-1466,Vol-672
Vol-1466,Vol-433
Vol-1466,Vol-331
Vol-1466,Vol-162
Vol-1466,Vol-110
Vol-1465,Vol-1238
Vol-1465,Vol-1103
Vol-1465,Vol-931
Vol-1465,Vol-790
Vol-1464,Vol-1291
Vol-1463,Vol-1281
Vol-1462,Vol-1065
Vol-1461,Vol-1302
Vol-1461,Vol-1188
Vol-1461,Vol-929
Vol-1461,Vol-671
Vol-1461,Vol-516
Vol-1460,Vol-1135
Vol-1459,Vol-1195
Vol-1459,Vol-1068
Vol-1459,Vol-857
Vol-1459,Vol-810
Vol-1459,Vol-598
Vol-1458,Vol-1226
Vol-1457,Vol-1261
Vol-1457,Vol-1046
Vol-1457,Vol-943
Vol-1457,Vol-736
Vol-1457,Vol-669
Vol-1457,Vol-517
Vol-1455,Vol-1201
Vol-1453,Vol-1220
Vol-1453,Vol-1128
Vol-1453,Vol-958
Vol-1452,Vol-1197
Vol-1448,Vol-1245
Vol-1444,Vol-1055
Vol-1443,Vol-1227
Vol-1442,Vol-1041
Vol-1442,Vol-938
Vol-1442,Vol-776
Vol-1441,Vol-1247
Vol-1440,Vol-756
Vol-1440,Vol-606
Vol-1440,Vol-528
Vol-1438,Vol-1253
Vol-1437,Vol-1292
Vol-1436,Vol-1263
Vol-1436,Vol-1043
Vol-1436,Vol-927
Vol-1436,Vol-807
Vol-1432,Vol-1009
Vol-1431,Vol-1256
Vol-1430,Vol-1257
Vol-1430,Vol-1058
Vol-1430,Vol-939
Vol-1426,Vol-1264
Vol-1426,Vol-1034
Vol-1426,Vol-905
Vol-1426,Vol-782
Vol-1426,Vol-665
Vol-1423,Vol-1212
Vol-1422,Vol-1214
Vol-1422,Vol-1003
Vol-1422,Vol-990
Vol-1422,Vol-788
Vol-1422,Vol-683
Vol-1422,Vol-584
Vol-1422,Vol-414
Vol-1418,Vol-1295
Vol-1418,Vol-1021
Vol-1418,Vol-940
Vol-1418,Vol-820
Vol-1418,Vol-615
Vol-1418,Vol-489
Vol-1417,Vol-1211
Vol-1417,Vol-1004
Vol-1417,Vol-874
Vol-1417,Vol-799
Vol-1415,Vol-1164
Vol-1415,Vol-1001
Vol-1415,Vol-863
Vol-1415,Vol-731
Vol-1415,Vol-593
Vol-1415,Vol-479
Vol-1415,Vol-343
Vol-1415,Vol-263
Vol-1410,Vol-1202
Vol-1409,Vol-1184
Vol-1409,Vol-996
Vol-1409,Vol-937
Vol-1409,Vol-813
Vol-1409,Vol-628
Vol-1409,Vol-538
Vol-1409,Vol-369
Vol-1406,Vol-1206
Vol-1404,Vol-1127
Vol-1404,Vol-964
Vol-1404,Vol-835
Vol-1404,Vol-704
Vol-1404,Vol-560
Vol-1402,Vol-1157
Vol-1402,Vol-978
Vol-1402,Vol-766
Vol-1402,Vol-586
Vol-1402,Vol-322
Vol-1401,Vol-901
Vol-1401,Vol-798
Vol-1401,Vol-518
Vol-1401,Vol-1063
Vol-1401,Vol-904
Vol-1401,Vol-839
Vol-1401,Vol-668
Vol-1401,Vol-522
Vol-1395,Vol-1141
Vol-1395,Vol-1019
Vol-1395,Vol-838
Vol-1395,Vol-718
Vol-1394,Vol-1196
Vol-1391,Vol-1180
Vol-1391,Vol-1179
Vol-1391,Vol-1178
Vol-1391,Vol-1177
Vol-1391,Vol-1176
Vol-1391,Vol-1175
Vol-1391,Vol-1174
Vol-1391,Vol-1173
Vol-1391,Vol-1172
Vol-1391,Vol-1171
Vol-1391,Vol-1170
Vol-1391,Vol-1169
Vol-1391,Vol-1168
Vol-1391,Vol-1167
Vol-1391,Vol-1166
Vol-1390,Vol-1194
Vol-1389,Vol-1213
Vol-1388,Vol-1181
Vol-1388,Vol-997
Vol-1388,Vol-872
Vol-1387,Vol-1207
Vol-1387,Vol-1015
Vol-1387,Vol-858
Vol-1382,Vol-1260
Vol-1382,Vol-1099
Vol-1382,Vol-892
Vol-1382,Vol-741
Vol-1382,Vol-621
Vol-1382,Vol-204
Vol-1378,Vol-1189
Vol-1378,Vol-1087
Vol-1378,Vol-866
Vol-1378,Vol-749
Vol-1378,Vol-619
Vol-1378,Vol-450
Vol-1376,Vol-1215
Vol-1375,Vol-1266
Vol-1375,Vol-1053
Vol-1373,Vol-1159
Vol-1373,Vol-988
Vol-1373,Vol-852
Vol-1373,Vol-724
Vol-1372,Vol-1160
Vol-1372,Vol-989
Vol-1372,Vol-851
Vol-1372,Vol-723
Vol-1369,Vol-1153
Vol-1369,Vol-973
Vol-1367,Vol-1164
Vol-1367,Vol-998
Vol-1367,Vol-855
Vol-1367,Vol-734
Vol-1367,Vol-592
Vol-1367,Vol-453
Vol-1367,Vol-344
Vol-1367,Vol-247
Vol-1367,Vol-231
Vol-1367,Vol-161
Vol-1367,Vol-74
Vol-1366,Vol-1313
Vol-1366,Vol-1020
Vol-1366,Vol-850
Vol-1366,Vol-733
Vol-1366,Vol-581
Vol-1365,Vol-1243
Vol-1365,Vol-992
Vol-1365,Vol-868
Vol-1363,Vol-1123
Vol-1363,Vol-902
Vol-1363,Vol-779
Vol-1362,Vol-1151
Vol-1362,Vol-981
Vol-1360,Vol-1140
Vol-1360,Vol-1029
Vol-1360,Vol-847
Vol-1360,Vol-705
Vol-1360,Vol-563
Vol-1360,Vol-438
Vol-1359,Vol-1165
Vol-1359,Vol-1056
Vol-1356,Vol-1000
Vol-1356,Vol-848
Vol-1356,Vol-716
Vol-1355,Vol-1209
Vol-1353,Vol-1348
Vol-1353,Vol-1144
Vol-1353,Vol-841
Vol-1353,Vol-710
Vol-1351,Vol-1096
Vol-1350,Vol-1193
Vol-1350,Vol-1014
Vol-1350,Vol-846
Vol-1350,Vol-745
Vol-1350,Vol-573
Vol-1350,Vol-477
Vol-1350,Vol-353
Vol-1350,Vol-250
Vol-1350,Vol-189
Vol-1350,Vol-147
Vol-1350,Vol-104
Vol-1350,Vol-81
Vol-1350,Vol-53
Vol-1350,Vol-49
Vol-1350,Vol-44
Vol-1350,Vol-33
Vol-1350,Vol-22
Vol-1350,Vol-11
Vol-1348,Vol-1144
Vol-1348,Vol-841
Vol-1348,Vol-710
Vol-1346,Vol-1134
Vol-1344,Vol-1143
Vol-1343,Vol-1139
Vol-1343,Vol-971
Vol-1343,Vol-837
Vol-1343,Vol-706
Vol-1343,Vol-567
Vol-1343,Vol-471
Vol-1343,Vol-330
Vol-1343,Vol-235
Vol-1343,Vol-176
Vol-1343,Vol-129
Vol-1343,Vol-98
Vol-1342,Vol-1138
Vol-1337,Vol-1129
Vol-1334,Vol-1126
Vol-1332,Vol-956
Vol-1332,Vol-695
Vol-1331,Vol-1090
Vol-1330,Vol-1133
Vol-1329,Vol-1191
Vol-1328,Vol-1307
Vol-1327,Vol-1060
Vol-1327,Vol-897
Vol-1327,Vol-833
Vol-1323,Vol-1142
Vol-1322,Vol-679
Vol-1321,Vol-1071
Vol-1321,Vol-262
Vol-1320,Vol-1114
Vol-1320,Vol-952
Vol-1320,Vol-698
Vol-1320,Vol-559
Vol-1320,Vol-435
Vol-1317,Vol-1111
Vol-1317,Vol-946
Vol-1317,Vol-814
Vol-1317,Vol-689
Vol-1317,Vol-551
Vol-1317,Vol-431
Vol-1317,Vol-304
Vol-1317,Vol-225
Vol-1316,Vol-1121
Vol-1315,Vol-1100
Vol-1314,Vol-1109
Vol-1314,Vol-771
Vol-1313,Vol-1020
Vol-1313,Vol-850
Vol-1313,Vol-733
Vol-1313,Vol-581
Vol-1308,Vol-1031
Vol-1308,Vol-899
Vol-1308,Vol-735
Vol-1308,Vol-454
Vol-1308,Vol-355
Vol-1308,Vol-256
Vol-1308,Vol-154
Vol-1306,Vol-1091
Vol-1306,Vol-912
Vol-1306,Vol-801
Vol-1304,Vol-1097
Vol-1304,Vol-966
Vol-1304,Vol-808
Vol-1304,Vol-713
Vol-1304,Vol-555
Vol-1304,Vol-440
Vol-1304,Vol-299
Vol-1302,Vol-1188
Vol-1302,Vol-929
Vol-1302,Vol-671
Vol-1302,Vol-516
Vol-1298,Vol-965
Vol-1297,Vol-1108
Vol-1297,Vol-934
Vol-1297,Vol-803
Vol-1296,Vol-1105
Vol-1295,Vol-1021
Vol-1295,Vol-940
Vol-1295,Vol-820
Vol-1295,Vol-615
Vol-1295,Vol-489
Vol-1293,Vol-1027
Vol-1289,Vol-1070
Vol-1289,Vol-949
Vol-1289,Vol-805
Vol-1289,Vol-636
Vol-1289,Vol-486
Vol-1289,Vol-425
Vol-1289,Vol-282
Vol-1287,Vol-911
Vol-1287,Vol-804
Vol-1287,Vol-677
Vol-1287,Vol-533
Vol-1287,Vol-408
Vol-1287,Vol-286
Vol-1287,Vol-217
Vol-1287,Vol-92
Vol-1285,Vol-1092
Vol-1284,Vol-1135
Vol-1282,Vol-1116
Vol-1282,Vol-951
Vol-1282,Vol-783
Vol-1277,Vol-1077
Vol-1272,Vol-1035
Vol-1272,Vol-914
Vol-1272,Vol-658
Vol-1272,Vol-401
Vol-1271,Vol-1066
Vol-1271,Vol-532
Vol-1270,Vol-794
Vol-1270,Vol-641
Vol-1270,Vol-509
Vol-1269,Vol-1032
Vol-1269,Vol-928
Vol-1267,Vol-1057
Vol-1266,Vol-1053
Vol-1265,Vol-1080
Vol-1265,Vol-849
Vol-1265,Vol-796
Vol-1265,Vol-614
Vol-1265,Vol-529
Vol-1265,Vol-496
Vol-1265,Vol-432
Vol-1265,Vol-258
Vol-1265,Vol-216
Vol-1265,Vol-188
Vol-1264,Vol-1034
Vol-1264,Vol-905
Vol-1264,Vol-782
Vol-1264,Vol-665
Vol-1263,Vol-1043
Vol-1263,Vol-927
Vol-1263,Vol-807
Vol-1262,Vol-1045
Vol-1262,Vol-660
Vol-1261,Vol-1046
Vol-1261,Vol-943
Vol-1261,Vol-736
Vol-1261,Vol-669
Vol-1261,Vol-517
Vol-1260,Vol-1099
Vol-1260,Vol-892
Vol-1260,Vol-741
Vol-1260,Vol-621
Vol-1260,Vol-204
Vol-1259,Vol-1073
Vol-1259,Vol-900
Vol-1259,Vol-778
Vol-1259,Vol-654
Vol-1259,Vol-527
Vol-1259,Vol-423
Vol-1259,Vol-327
Vol-1259,Vol-218
Vol-1259,Vol-173
Vol-1258,Vol-1115
Vol-1257,Vol-1058
Vol-1257,Vol-939
Vol-1252,Vol-1062
Vol-1252,Vol-972
Vol-1252,Vol-959
Vol-1252,Vol-672
Vol-1252,Vol-433
Vol-1252,Vol-331
Vol-1252,Vol-162
Vol-1252,Vol-110
Vol-1251,Vol-984
Vol-1250,Vol-1084
Vol-1250,Vol-795
Vol-1250,Vol-644
Vol-1250,Vol-507
Vol-1250,Vol-503
Vol-1248,Vol-1081
Vol-1248,Vol-875
Vol-1248,Vol-348
Vol-1248,Vol-315
Vol-1248,Vol-232
Vol-1246,Vol-1028
Vol-1244,Vol-854
Vol-1243,Vol-992
Vol-1243,Vol-868
Vol-1240,Vol-862
Vol-1240,Vol-1106
Vol-1239,Vol-1089
Vol-1238,Vol-1103
Vol-1238,Vol-931
Vol-1238,Vol-790
Vol-1237,Vol-1112
Vol-1236,Vol-1102
Vol-1235,Vol-1069
Vol-1234,Vol-1085
Vol-1229,Vol-655
Vol-1221,Vol-1072
Vol-1220,Vol-1128
Vol-1220,Vol-958
Vol-1218,Vol-1024
Vol-1218,Vol-962
Vol-1218,Vol-818
Vol-1218,Vol-406
Vol-1218,Vol-268
Vol-1216,Vol-995
Vol-1214,Vol-1003
Vol-1214,Vol-990
Vol-1214,Vol-788
Vol-1214,Vol-683
Vol-1214,Vol-584
Vol-1214,Vol-414
Vol-1211,Vol-1004
Vol-1211,Vol-874
Vol-1211,Vol-799
Vol-1208,Vol-751
Vol-1207,Vol-1015
Vol-1207,Vol-858
Vol-1195,Vol-1068
Vol-1195,Vol-857
Vol-1195,Vol-810
Vol-1195,Vol-598
Vol-1193,Vol-1014
Vol-1193,Vol-846
Vol-1193,Vol-745
Vol-1193,Vol-573
Vol-1193,Vol-477
Vol-1193,Vol-353
Vol-1193,Vol-250
Vol-1193,Vol-189
Vol-1193,Vol-147
Vol-1193,Vol-104
Vol-1193,Vol-81
Vol-1193,Vol-53
Vol-1193,Vol-49
Vol-1193,Vol-44
Vol-1193,Vol-33
Vol-1193,Vol-22
Vol-1193,Vol-11
Vol-1189,Vol-1087
Vol-1189,Vol-866
Vol-1189,Vol-749
Vol-1189,Vol-619
Vol-1189,Vol-450
Vol-1188,Vol-929
Vol-1188,Vol-671
Vol-1188,Vol-516
Vol-1187,Vol-975
Vol-1186,Vol-1010
Vol-1186,Vol-921
Vol-1184,Vol-996
Vol-1184,Vol-937
Vol-1184,Vol-813
Vol-1184,Vol-628
Vol-1184,Vol-538
Vol-1184,Vol-369
Vol-1181,Vol-997
Vol-1181,Vol-872
Vol-1180,Vol-1179
Vol-1180,Vol-1178
Vol-1180,Vol-1177
Vol-1180,Vol-1176
Vol-1180,Vol-1175
Vol-1180,Vol-1174
Vol-1180,Vol-1173
Vol-1180,Vol-1172
Vol-1180,Vol-1171
Vol-1180,Vol-1170
Vol-1180,Vol-1169
Vol-1180,Vol-1168
Vol-1180,Vol-1167
Vol-1180,Vol-1166
Vol-1179,Vol-1178
Vol-1179,Vol-1177
Vol-1179,Vol-1176
Vol-1179,Vol-1175
Vol-1179,Vol-1174
Vol-1179,Vol-1173
Vol-1179,Vol-1172
Vol-1179,Vol-1171
Vol-1179,Vol-1170
Vol-1179,Vol-1169
Vol-1179,Vol-1168
Vol-1179,Vol-1167
Vol-1179,Vol-1166
Vol-1178,Vol-1177
Vol-1178,Vol-1176
Vol-1178,Vol-1175
Vol-1178,Vol-1174
Vol-1178,Vol-1173
Vol-1178,Vol-1172
Vol-1178,Vol-1171
Vol-1178,Vol-1170
Vol-1178,Vol-1169
Vol-1178,Vol-1168
Vol-1178,Vol-1167
Vol-1178,Vol-1166
Vol-1177,Vol-1176
Vol-1177,Vol-1175
Vol-1177,Vol-1174
Vol-1177,Vol-1173
Vol-1177,Vol-1172
Vol-1177,Vol-1171
Vol-1177,Vol-1170
Vol-1177,Vol-1169
Vol-1177,Vol-1168
Vol-1177,Vol-1167
Vol-1177,Vol-1166
Vol-1176,Vol-1175
Vol-1176,Vol-1174
Vol-1176,Vol-1173
Vol-1176,Vol-1172
Vol-1176,Vol-1171
Vol-1176,Vol-1170
Vol-1176,Vol-1169
Vol-1176,Vol-1168
Vol-1176,Vol-1167
Vol-1176,Vol-1166
Vol-1175,Vol-1174
Vol-1175,Vol-1173
Vol-1175,Vol-1172
Vol-1175,Vol-1171
Vol-1175,Vol-1170
Vol-1175,Vol-1169
Vol-1175,Vol-1168
Vol-1175,Vol-1167
Vol-1175,Vol-1166
Vol-1174,Vol-1173
Vol-1174,Vol-1172
Vol-1174,Vol-1171
Vol-1174,Vol-1170
Vol-1174,Vol-1169
Vol-1174,Vol-1168
Vol-1174,Vol-1167
Vol-1174,Vol-1166
Vol-1173,Vol-1172
Vol-1173,Vol-1171
Vol-1173,Vol-1170
Vol-1173,Vol-1169
Vol-1173,Vol-1168
Vol-1173,Vol-1167
Vol-1173,Vol-1166
Vol-1172,Vol-1171
Vol-1172,Vol-1170
Vol-1172,Vol-1169
Vol-1172,Vol-1168
Vol-1172,Vol-1167
Vol-1172,Vol-1166
Vol-1171,Vol-1170
Vol-1171,Vol-1169
Vol-1171,Vol-1168
Vol-1171,Vol-1167
Vol-1171,Vol-1166
Vol-1170,Vol-1169
Vol-1170,Vol-1168
Vol-1170,Vol-1167
Vol-1170,Vol-1166
Vol-1169,Vol-1168
Vol-1169,Vol-1167
Vol-1169,Vol-1166
Vol-1168,Vol-1167
Vol-1168,Vol-1166
Vol-1167,Vol-1166
Vol-1165,Vol-1056
Vol-1164,Vol-998
Vol-1164,Vol-855
Vol-1164,Vol-734
Vol-1164,Vol-592
Vol-1164,Vol-453
Vol-1164,Vol-344
Vol-1164,Vol-247
Vol-1164,Vol-231
Vol-1164,Vol-161
Vol-1164,Vol-74
Vol-1162,Vol-999
Vol-1160,Vol-989
Vol-1160,Vol-851
Vol-1160,Vol-723
Vol-1159,Vol-988
Vol-1159,Vol-852
Vol-1157,Vol-978
Vol-1157,Vol-766
Vol-1157,Vol-586
Vol-1157,Vol-322
Vol-1156,Vol-1002
Vol-1155,Vol-994
Vol-1155,Vol-903
Vol-1155,Vol-721
Vol-1153,Vol-973
Vol-1144,Vol-841
Vol-1144,Vol-710
Vol-1141,Vol-1019
Vol-1141,Vol-838
Vol-1141,Vol-718
Vol-1140,Vol-1029
Vol-1140,Vol-847
Vol-1140,Vol-705
Vol-1140,Vol-563
Vol-1140,Vol-438
Vol-1139,Vol-971
Vol-1139,Vol-837
Vol-1139,Vol-706
Vol-1139,Vol-567
Vol-1139,Vol-471
Vol-1139,Vol-330
Vol-1139,Vol-235
Vol-1139,Vol-176
Vol-1139,Vol-129
Vol-1139,Vol-98
Vol-1137,Vol-983
Vol-1137,Vol-974
Vol-1130,Vol-832
Vol-1128,Vol-958
Vol-1127,Vol-964
Vol-1127,Vol-835
Vol-1127,Vol-704
Vol-1127,Vol-560
Vol-1123,Vol-902
Vol-1123,Vol-779
Vol-1120,Vol-770
Vol-1120,Vol-497
Vol-1116,Vol-951
Vol-1116,Vol-783
Vol-1114,Vol-952
Vol-1114,Vol-698
Vol-1114,Vol-559
Vol-1114,Vol-435
Vol-1113,Vol-223
Vol-1111,Vol-946
Vol-1111,Vol-814
Vol-1111,Vol-689
Vol-1111,Vol-551
Vol-1111,Vol-431
Vol-1111,Vol-304
Vol-1111,Vol-225
Vol-1109,Vol-771
Vol-1108,Vol-934
Vol-1108,Vol-803
Vol-1107,Vol-860
Vol-1103,Vol-931
Vol-1103,Vol-790
Vol-1099,Vol-892
Vol-1099,Vol-741
Vol-1099,Vol-621
Vol-1099,Vol-204
Vol-1098,Vol-941
Vol-1097,Vol-966
Vol-1097,Vol-808
Vol-1097,Vol-713
Vol-1093,Vol-709
Vol-1093,Vol-424
Vol-1093,Vol-288
Vol-1091,Vol-912
Vol-1091,Vol-801
Vol-1088,Vol-960
Vol-1087,Vol-866
Vol-1087,Vol-749
Vol-1087,Vol-619
Vol-1087,Vol-450
Vol-1084,Vol-795
Vol-1084,Vol-644
Vol-1084,Vol-507
Vol-1084,Vol-503
Vol-1081,Vol-875
Vol-1081,Vol-348
Vol-1081,Vol-315
Vol-1081,Vol-232
Vol-1080,Vol-849
Vol-1080,Vol-796
Vol-1080,Vol-614
Vol-1080,Vol-529
Vol-1080,Vol-496
Vol-1080,Vol-432
Vol-1080,Vol-258
Vol-1080,Vol-216
Vol-1080,Vol-188
Vol-1079,Vol-794
Vol-1079,Vol-641
Vol-1079,Vol-509
Vol-1078,Vol-785
Vol-1075,Vol-908
Vol-1074,Vol-642
Vol-1074,Vol-553
Vol-1074,Vol-394
Vol-1073,Vol-900
Vol-1073,Vol-778
Vol-1073,Vol-654
Vol-1073,Vol-527
Vol-1073,Vol-423
Vol-1073,Vol-327
Vol-1073,Vol-218
Vol-1073,Vol-173
Vol-1071,Vol-262
Vol-1070,Vol-949
Vol-1070,Vol-805
Vol-1070,Vol-636
Vol-1070,Vol-486
Vol-1070,Vol-425
Vol-1070,Vol-282
Vol-1068,Vol-857
Vol-1068,Vol-810
Vol-1068,Vol-598
Vol-1066,Vol-532
Vol-1063,Vol-904
Vol-1063,Vol-839
Vol-1063,Vol-668
Vol-1063,Vol-522
Vol-1062,Vol-972
Vol-1062,Vol-959
Vol-1062,Vol-672
Vol-1062,Vol-433
Vol-1062,Vol-331
Vol-1062,Vol-162
Vol-1062,Vol-110
Vol-1060,Vol-897
Vol-1060,Vol-833
Vol-1058,Vol-939
Vol-1054,Vol-774
Vol-1051,Vol-980
Vol-1051,Vol-797
Vol-1050,Vol-893
Vol-1050,Vol-811
Vol-1049,Vol-1048
Vol-1049,Vol-831
Vol-1049,Vol-663
Vol-1049,Vol-542
Vol-1048,Vol-831
Vol-1048,Vol-663
Vol-1048,Vol-542
Vol-1046,Vol-943
Vol-1046,Vol-736
Vol-1046,Vol-669
Vol-1046,Vol-517
Vol-1045,Vol-660
Vol-1043,Vol-927
Vol-1043,Vol-807
Vol-1042,Vol-967
Vol-1041,Vol-938
Vol-1041,Vol-776
Vol-1040,Vol-753
Vol-1036,Vol-920
Vol-1035,Vol-914
Vol-1035,Vol-658
Vol-1035,Vol-401
Vol-1034,Vol-905
Vol-1034,Vol-782
Vol-1034,Vol-665
Vol-1033,Vol-909
Vol-1033,Vol-763
Vol-1032,Vol-928
Vol-1031,Vol-899
Vol-1031,Vol-735
Vol-1031,Vol-454
Vol-1031,Vol-355
Vol-1031,Vol-256
Vol-1031,Vol-154
Vol-1029,Vol-847
Vol-1029,Vol-705
Vol-1029,Vol-563
Vol-1029,Vol-438
Vol-1026,Vol-932
Vol-1023,Vol-933
Vol-1022,Vol-768
Vol-1021,Vol-940
Vol-1021,Vol-820
Vol-1021,Vol-615
Vol-1021,Vol-489
Vol-1020,Vol-850
Vol-1020,Vol-733
Vol-1020,Vol-581
Vol-1019,Vol-838
Vol-1019,Vol-718
Vol-1015,Vol-858
Vol-1014,Vol-846
Vol-1014,Vol-745
Vol-1014,Vol-573
Vol-1014,Vol-477
Vol-1014,Vol-353
Vol-1014,Vol-250
Vol-1014,Vol-189
Vol-1014,Vol-147
Vol-1014,Vol-104
Vol-1014,Vol-81
Vol-1014,Vol-53
Vol-1014,Vol-49
Vol-1014,Vol-44
Vol-1014,Vol-33
Vol-1014,Vol-22
Vol-1014,Vol-11
Vol-1013,Vol-970
Vol-1010,Vol-921
Vol-1007,Vol-812
Vol-1006,Vol-864
Vol-1004,Vol-874
Vol-1004,Vol-799
Vol-1003,Vol-990
Vol-1003,Vol-788
Vol-1003,Vol-683
Vol-1003,Vol-584
Vol-1003,Vol-414
Vol-1001,Vol-863
Vol-1001,Vol-731
Vol-1001,Vol-593
Vol-1001,Vol-479
Vol-1001,Vol-343
Vol-1001,Vol-263
Vol-1000,Vol-848
Vol-1000,Vol-716
Vol-998,Vol-855
Vol-998,Vol-734
Vol-998,Vol-592
Vol-998,Vol-453
Vol-998,Vol-344
Vol-998,Vol-247
Vol-998,Vol-231
Vol-998,Vol-161
Vol-998,Vol-74
Vol-997,Vol-872
Vol-996,Vol-937
Vol-996,Vol-813
Vol-996,Vol-628
Vol-996,Vol-538
Vol-996,Vol-369
Vol-994,Vol-903
Vol-994,Vol-721
Vol-993,Vol-819
Vol-993,Vol-513
Vol-992,Vol-868
Vol-990,Vol-788
Vol-990,Vol-683
Vol-990,Vol-584
Vol-990,Vol-414
Vol-989,Vol-851
Vol-989,Vol-723
Vol-988,Vol-852
Vol-988,Vol-724
Vol-987,Vol-879
Vol-987,Vol-746
Vol-987,Vol-505
Vol-985,Vol-894
Vol-980,Vol-797
Vol-978,Vol-766
Vol-978,Vol-586
Vol-978,Vol-322
Vol-972,Vol-959
Vol-972,Vol-672
Vol-972,Vol-433
Vol-972,Vol-331
Vol-972,Vol-162
Vol-972,Vol-110
Vol-971,Vol-837
Vol-971,Vol-706
Vol-971,Vol-567
Vol-971,Vol-471
Vol-971,Vol-330
Vol-971,Vol-235
Vol-971,Vol-176
Vol-971,Vol-129
Vol-971,Vol-98
Vol-966,Vol-808
Vol-966,Vol-713
Vol-964,Vol-835
Vol-964,Vol-704
Vol-964,Vol-560
Vol-962,Vol-818
Vol-962,Vol-406
Vol-962,Vol-268
Vol-959,Vol-672
Vol-959,Vol-433
Vol-959,Vol-331
Vol-959,Vol-162
Vol-959,Vol-110
Vol-956,Vol-695
Vol-952,Vol-698
Vol-952,Vol-559
Vol-952,Vol-435
Vol-951,Vol-783
Vol-949,Vol-805
Vol-949,Vol-636
Vol-949,Vol-486
Vol-949,Vol-425
Vol-949,Vol-282
Vol-948,Vol-806
Vol-947,Vol-787
Vol-946,Vol-814
Vol-946,Vol-689
Vol-946,Vol-551
Vol-946,Vol-431
Vol-946,Vol-304
Vol-946,Vol-225
Vol-943,Vol-736
Vol-943,Vol-669
Vol-943,Vol-517
Vol-940,Vol-820
Vol-940,Vol-615
Vol-940,Vol-489
Vol-938,Vol-776
Vol-937,Vol-813
Vol-937,Vol-628
Vol-937,Vol-538
Vol-937,Vol-369
Vol-936,Vol-775
Vol-936,Vol-571
Vol-935,Vol-648
Vol-934,Vol-803
Vol-931,Vol-790
Vol-929,Vol-671
Vol-929,Vol-516
Vol-927,Vol-807
Vol-922,Vol-656
Vol-916,Vol-645
Vol-916,Vol-429
Vol-915,Vol-815
Vol-915,Vol-653
Vol-914,Vol-658
Vol-914,Vol-401
Vol-912,Vol-801
Vol-911,Vol-804
Vol-911,Vol-677
Vol-911,Vol-533
Vol-911,Vol-408
Vol-911,Vol-286
Vol-911,Vol-217
Vol-911,Vol-92
Vol-909,Vol-763
Vol-905,Vol-782
Vol-905,Vol-665
Vol-904,Vol-839
Vol-904,Vol-668
Vol-904,Vol-522
Vol-903,Vol-721
Vol-902,Vol-779
Vol-901,Vol-798
Vol-901,Vol-518
Vol-900,Vol-778
Vol-900,Vol-654
Vol-900,Vol-527
Vol-900,Vol-423
Vol-900,Vol-327
Vol-900,Vol-218
Vol-900,Vol-173
Vol-899,Vol-735
Vol-899,Vol-454
Vol-899,Vol-355
Vol-899,Vol-256
Vol-899,Vol-154
Vol-897,Vol-833
Vol-893,Vol-811
Vol-892,Vol-741
Vol-892,Vol-621
Vol-892,Vol-204
Vol-890,Vol-784
Vol-890,Vol-651
Vol-890,Vol-519
Vol-889,Vol-791
Vol-886,Vol-748
Vol-884,Vol-880
Vol-879,Vol-746
Vol-879,Vol-505
Vol-875,Vol-348
Vol-875,Vol-315
Vol-875,Vol-232
Vol-874,Vol-799
Vol-871,Vol-757
Vol-866,Vol-749
Vol-866,Vol-619
Vol-866,Vol-450
Vol-865,Vol-211
Vol-865,Vol-195
Vol-863,Vol-731
Vol-863,Vol-593
Vol-863,Vol-479
Vol-863,Vol-343
Vol-863,Vol-263
Vol-862,Vol-737
Vol-862,Vol-682
Vol-862,Vol-472
Vol-862,Vol-251
Vol-857,Vol-810
Vol-857,Vol-598
Vol-856,Vol-670
Vol-856,Vol-526
Vol-855,Vol-734
Vol-855,Vol-592
Vol-855,Vol-453
Vol-855,Vol-344
Vol-855,Vol-247
Vol-855,Vol-231
Vol-855,Vol-161
Vol-855,Vol-74
Vol-852,Vol-724
Vol-851,Vol-723
Vol-850,Vol-733
Vol-850,Vol-581
Vol-849,Vol-796
Vol-849,Vol-614
Vol-849,Vol-529
Vol-849,Vol-496
Vol-849,Vol-432
Vol-849,Vol-258
Vol-849,Vol-216
Vol-849,Vol-188
Vol-848,Vol-716
Vol-847,Vol-705
Vol-847,Vol-563
Vol-847,Vol-438
Vol-846,Vol-745
Vol-846,Vol-573
Vol-846,Vol-477
Vol-846,Vol-353
Vol-846,Vol-250
Vol-846,Vol-189
Vol-846,Vol-147
Vol-846,Vol-104
Vol-846,Vol-81
Vol-846,Vol-53
Vol-846,Vol-49
Vol-846,Vol-44
Vol-846,Vol-33
Vol-846,Vol-22
Vol-846,Vol-11
Vol-843,Vol-666
Vol-841,Vol-710
Vol-840,Vol-717
Vol-839,Vol-668
Vol-839,Vol-522
Vol-838,Vol-718
Vol-837,Vol-706
Vol-837,Vol-567
Vol-837,Vol-471
Vol-837,Vol-330
Vol-837,Vol-235
Vol-837,Vol-176
Vol-837,Vol-129
Vol-837,Vol-98
Vol-835,Vol-704
Vol-835,Vol-560
Vol-831,Vol-663
Vol-831,Vol-542
Vol-830,Vol-664
Vol-830,Vol-520
Vol-830,Vol-405
Vol-825,Vol-547
Vol-823,Vol-473
Vol-822,Vol-552
Vol-820,Vol-615
Vol-820,Vol-489
Vol-819,Vol-513
Vol-818,Vol-406
Vol-818,Vol-268
Vol-815,Vol-653
Vol-814,Vol-689
Vol-814,Vol-551
Vol-814,Vol-431
Vol-814,Vol-304
Vol-814,Vol-225
Vol-813,Vol-628
Vol-813,Vol-538
Vol-813,Vol-369
Vol-811,Vol-612
Vol-810,Vol-598
Vol-808,Vol-713
Vol-805,Vol-636
Vol-805,Vol-486
Vol-805,Vol-425
Vol-805,Vol-282
Vol-804,Vol-677
Vol-804,Vol-533
Vol-804,Vol-408
Vol-804,Vol-286
Vol-804,Vol-217
Vol-804,Vol-92
Vol-800,Vol-662
Vol-798,Vol-518
Vol-796,Vol-614
Vol-796,Vol-529
Vol-796,Vol-496
Vol-796,Vol-432
Vol-796,Vol-258
Vol-796,Vol-216
Vol-796,Vol-188
Vol-795,Vol-644
Vol-795,Vol-507
Vol-795,Vol-503
Vol-794,Vol-641
Vol-794,Vol-509
Vol-793,Vol-633
Vol-789,Vol-639
Vol-789,Vol-325
Vol-789,Vol-215
Vol-789,Vol-152
Vol-788,Vol-683
Vol-788,Vol-584
Vol-788,Vol-414
Vol-784,Vol-651
Vol-784,Vol-519
Vol-782,Vol-665
Vol-778,Vol-654
Vol-778,Vol-527
Vol-778,Vol-423
Vol-778,Vol-327
Vol-778,Vol-218
Vol-778,Vol-173
Vol-775,Vol-571
Vol-766,Vol-586
Vol-766,Vol-322
Vol-764,Vol-481
Vol-764,Vol-366
Vol-764,Vol-230
Vol-759,Vol-620
Vol-756,Vol-606
Vol-756,Vol-528
Vol-754,Vol-410
Vol-754,Vol-222
Vol-754,Vol-102
Vol-749,Vol-619
Vol-749,Vol-450
Vol-746,Vol-505
Vol-745,Vol-573
Vol-745,Vol-477
Vol-745,Vol-353
Vol-745,Vol-250
Vol-745,Vol-189
Vol-745,Vol-147
Vol-745,Vol-104
Vol-745,Vol-81
Vol-745,Vol-53
Vol-745,Vol-49
Vol-745,Vol-44
Vol-745,Vol-33
Vol-745,Vol-22
Vol-745,Vol-11
Vol-742,Vol-711
Vol-741,Vol-621
Vol-741,Vol-204
Vol-739,Vol-575
Vol-738,Vol-550
Vol-735,Vol-454
Vol-735,Vol-355
Vol-735,Vol-256
Vol-735,Vol-154
Vol-734,Vol-592
Vol-734,Vol-453
Vol-734,Vol-344
Vol-734,Vol-247
Vol-734,Vol-231
Vol-734,Vol-161
Vol-734,Vol-74
Vol-733,Vol-581
Vol-731,Vol-593
Vol-731,Vol-479
Vol-731,Vol-343
Vol-731,Vol-263
Vol-730,Vol-590
Vol-715,Vol-574
Vol-715,Vol-446
Vol-715,Vol-347
Vol-715,Vol-283
Vol-715,Vol-264
Vol-715,Vol-246
Vol-715,Vol-116
Vol-715,Vol-80
Vol-715,Vol-56
Vol-715,Vol-36
Vol-715,Vol-27
Vol-715,Vol-20
Vol-715,Vol-12
Vol-715,Vol-6
Vol-714,Vol-177
Vol-714,Vol-148
Vol-713,Vol-555
Vol-713,Vol-440
Vol-713,Vol-299
Vol-709,Vol-424
Vol-709,Vol-288
Vol-706,Vol-567
Vol-706,Vol-471
Vol-706,Vol-330
Vol-706,Vol-235
Vol-706,Vol-176
Vol-706,Vol-129
Vol-706,Vol-98
Vol-705,Vol-563
Vol-705,Vol-438
Vol-704,Vol-560
Vol-703,Vol-702
Vol-703,Vol-701
Vol-702,Vol-701
Vol-699,Vol-449
Vol-699,Vol-368
Vol-699,Vol-248
Vol-699,Vol-181
Vol-699,Vol-135
Vol-698,Vol-559
Vol-698,Vol-435
Vol-694,Vol-565
Vol-694,Vol-443
Vol-689,Vol-551
Vol-689,Vol-431
Vol-689,Vol-304
Vol-689,Vol-225
Vol-686,Vol-534
Vol-684,Vol-430
Vol-683,Vol-584
Vol-683,Vol-414
Vol-682,Vol-472
Vol-682,Vol-251
Vol-681,Vol-385
Vol-681,Vol-311
Vol-680,Vol-539
Vol-678,Vol-541
Vol-678,Vol-396
Vol-678,Vol-296
Vol-677,Vol-533
Vol-677,Vol-408
Vol-677,Vol-286
Vol-677,Vol-217
Vol-677,Vol-92
Vol-672,Vol-433
Vol-672,Vol-331
Vol-672,Vol-162
Vol-672,Vol-110
Vol-671,Vol-516
Vol-670,Vol-526
Vol-669,Vol-517
Vol-668,Vol-522
Vol-667,Vol-525
Vol-667,Vol-416
Vol-667,Vol-243
Vol-664,Vol-520
Vol-664,Vol-405
Vol-663,Vol-542
Vol-658,Vol-401
Vol-657,Vol-635
Vol-654,Vol-527
Vol-654,Vol-423
Vol-654,Vol-327
Vol-654,Vol-218
Vol-654,Vol-173
Vol-651,Vol-519
Vol-650,Vol-391
Vol-649,Vol-549
Vol-647,Vol-399
Vol-646,Vol-545
Vol-645,Vol-429
Vol-644,Vol-507
Vol-644,Vol-503
Vol-643,Vol-501
Vol-643,Vol-380
Vol-642,Vol-553
Vol-642,Vol-394
Vol-641,Vol-509
Vol-639,Vol-325
Vol-639,Vol-215
Vol-639,Vol-152
Vol-638,Vol-506
Vol-638,Vol-388
Vol-636,Vol-486
Vol-636,Vol-425
Vol-636,Vol-282
Vol-632,Vol-464
Vol-632,Vol-360
Vol-632,Vol-206
Vol-630,Vol-480
Vol-628,Vol-538
Vol-628,Vol-369
Vol-627,Vol-494
Vol-625,Vol-557
Vol-622,Vol-448
Vol-621,Vol-204
Vol-619,Vol-450
Vol-618,Vol-146
Vol-618,Vol-114
Vol-617,Vol-439
Vol-617,Vol-297
Vol-617,Vol-214
Vol-617,Vol-159
Vol-616,Vol-589
Vol-616,Vol-451
Vol-615,Vol-489
Vol-614,Vol-529
Vol-614,Vol-496
Vol-614,Vol-432
Vol-614,Vol-258
Vol-614,Vol-216
Vol-614,Vol-188
Vol-612,Vol-532
Vol-611,Vol-474
Vol-610,Vol-566
Vol-606,Vol-528
Vol-605,Vol-465
Vol-605,Vol-321
Vol-604,Vol-531
Vol-604,Vol-395
Vol-602,Vol-457
Vol-601,Vol-458
Vol-601,Vol-338
Vol-599,Vol-456
Vol-599,Vol-336
Vol-599,Vol-237
Vol-593,Vol-479
Vol-593,Vol-343
Vol-593,Vol-263
Vol-592,Vol-453
Vol-592,Vol-344
Vol-592,Vol-247
Vol-592,Vol-231
Vol-592,Vol-161
Vol-592,Vol-74
Vol-589,Vol-451
Vol-586,Vol-322
Vol-584,Vol-414
Vol-582,Vol-463
Vol-580,Vol-579
Vol-580,Vol-578
Vol-579,Vol-578
Vol-576,Vol-447
Vol-574,Vol-446
Vol-574,Vol-347
Vol-574,Vol-283
Vol-574,Vol-264
Vol-574,Vol-246
Vol-574,Vol-116
Vol-574,Vol-80
Vol-574,Vol-56
Vol-574,Vol-36
Vol-574,Vol-27
Vol-574,Vol-20
Vol-574,Vol-12
Vol-574,Vol-6
Vol-573,Vol-477
Vol-573,Vol-353
Vol-573,Vol-250
Vol-573,Vol-189
Vol-573,Vol-147
Vol-573,Vol-104
Vol-573,Vol-81
Vol-573,Vol-53
Vol-573,Vol-49
Vol-573,Vol-44
Vol-573,Vol-33
Vol-573,Vol-22
Vol-573,Vol-11
Vol-568,Vol-367
Vol-567,Vol-471
Vol-567,Vol-330
Vol-567,Vol-235
Vol-567,Vol-176
Vol-567,Vol-129
Vol-567,Vol-98
Vol-565,Vol-443
Vol-563,Vol-438
Vol-562,Vol-361
Vol-559,Vol-435
Vol-558,Vol-488
Vol-555,Vol-440
Vol-555,Vol-299
Vol-554,Vol-420
Vol-554,Vol-303
Vol-553,Vol-394
Vol-551,Vol-431
Vol-551,Vol-304
Vol-551,Vol-225
Vol-548,Vol-421
Vol-548,Vol-169
Vol-546,Vol-281
Vol-544,Vol-543
Vol-541,Vol-396
Vol-541,Vol-296
Vol-538,Vol-369
Vol-535,Vol-382
Vol-535,Vol-307
Vol-533,Vol-408
Vol-533,Vol-286
Vol-533,Vol-217
Vol-533,Vol-92
Vol-531,Vol-395
Vol-529,Vol-496
Vol-529,Vol-432
Vol-529,Vol-258
Vol-529,Vol-216
Vol-529,Vol-188
Vol-527,Vol-423
Vol-527,Vol-327
Vol-527,Vol-218
Vol-527,Vol-173
Vol-525,Vol-416
Vol-525,Vol-243
Vol-520,Vol-405
Vol-511,Vol-428
Vol-510,Vol-274
Vol-507,Vol-503
Vol-506,Vol-388
Vol-504,Vol-371
Vol-504,Vol-269
Vol-502,Vol-377
Vol-502,Vol-276
Vol-501,Vol-380
Vol-498,Vol-386
Vol-496,Vol-432
Vol-496,Vol-258
Vol-496,Vol-216
Vol-496,Vol-188
Vol-493,Vol-445
Vol-493,Vol-153
Vol-492,Vol-285
Vol-491,Vol-334
Vol-490,Vol-407
Vol-486,Vol-425
Vol-486,Vol-282
Vol-483,Vol-354
Vol-481,Vol-366
Vol-481,Vol-230
Vol-479,Vol-343
Vol-479,Vol-263
Vol-477,Vol-353
Vol-477,Vol-250
Vol-477,Vol-189
Vol-477,Vol-147
Vol-477,Vol-104
Vol-477,Vol-81
Vol-477,Vol-53
Vol-477,Vol-49
Vol-477,Vol-44
Vol-477,Vol-33
Vol-477,Vol-22
Vol-477,Vol-11
Vol-472,Vol-251
Vol-471,Vol-330
Vol-471,Vol-235
Vol-471,Vol-176
Vol-471,Vol-129
Vol-471,Vol-98
Vol-465,Vol-321
Vol-464,Vol-360
Vol-464,Vol-206
Vol-461,Vol-239
Vol-460,Vol-163
Vol-459,Vol-339
Vol-458,Vol-338
Vol-456,Vol-336
Vol-456,Vol-237
Vol-455,Vol-389
Vol-455,Vol-261
Vol-454,Vol-355
Vol-454,Vol-256
Vol-454,Vol-154
Vol-453,Vol-344
Vol-453,Vol-247
Vol-453,Vol-231
Vol-453,Vol-161
Vol-453,Vol-74
Vol-449,Vol-368
Vol-449,Vol-248
Vol-449,Vol-181
Vol-449,Vol-135
Vol-446,Vol-347
Vol-446,Vol-283
Vol-446,Vol-264
Vol-446,Vol-246
Vol-446,Vol-116
Vol-446,Vol-80
Vol-446,Vol-56
Vol-446,Vol-36
Vol-446,Vol-27
Vol-446,Vol-20
Vol-446,Vol-12
Vol-446,Vol-6
Vol-445,Vol-153
Vol-440,Vol-299
Vol-439,Vol-297
Vol-439,Vol-214
Vol-439,Vol-159
Vol-434,Vol-287
Vol-434,Vol-196
Vol-433,Vol-331
Vol-433,Vol-162
Vol-433,Vol-110
Vol-432,Vol-258
Vol-432,Vol-216
Vol-432,Vol-188
Vol-431,Vol-304
Vol-431,Vol-225
Vol-427,Vol-199
Vol-426,Vol-314
Vol-426,Vol-201
Vol-426,Vol-166
Vol-425,Vol-282
Vol-424,Vol-288
Vol-424,Vol-280
Vol-424,Vol-213
Vol-423,Vol-327
Vol-423,Vol-218
Vol-423,Vol-173
Vol-421,Vol-169
Vol-420,Vol-303
Vol-420,Vol-224
Vol-420,Vol-167
Vol-416,Vol-243
Vol-410,Vol-222
Vol-410,Vol-102
Vol-408,Vol-286
Vol-408,Vol-217
Vol-408,Vol-92
Vol-402,Vol-254
Vol-396,Vol-296
Vol-390,Vol-298
Vol-389,Vol-261
Vol-385,Vol-311
Vol-382,Vol-307
Vol-378,Vol-257
Vol-377,Vol-276
Vol-371,Vol-269
Vol-368,Vol-248
Vol-368,Vol-181
Vol-368,Vol-135
Vol-366,Vol-230
Vol-365,Vol-364
Vol-365,Vol-363
Vol-365,Vol-337
Vol-364,Vol-363
Vol-364,Vol-337
Vol-363,Vol-337
Vol-360,Vol-206
Vol-359,Vol-329
Vol-359,Vol-179
Vol-359,Vol-128
Vol-359,Vol-87
Vol-359,Vol-62
Vol-357,Vol-345
Vol-355,Vol-256
Vol-355,Vol-154
Vol-353,Vol-250
Vol-353,Vol-189
Vol-353,Vol-147
Vol-353,Vol-104
Vol-353,Vol-81
Vol-353,Vol-53
Vol-353,Vol-49
Vol-353,Vol-44
Vol-353,Vol-33
Vol-353,Vol-22
Vol-353,Vol-11
Vol-350,Vol-291
Vol-347,Vol-283
Vol-347,Vol-264
Vol-347,Vol-246
Vol-347,Vol-116
Vol-347,Vol-80
Vol-347,Vol-56
Vol-347,Vol-36
Vol-347,Vol-27
Vol-347,Vol-20
Vol-347,Vol-12
Vol-347,Vol-6
Vol-344,Vol-247
Vol-344,Vol-231
Vol-344,Vol-161
Vol-344,Vol-74
Vol-343,Vol-263
Vol-336,Vol-237
Vol-335,Vol-236
Vol-333,Vol-245
Vol-332,Vol-130
Vol-332,Vol-112
Vol-331,Vol-162
Vol-331,Vol-110
Vol-330,Vol-235
Vol-330,Vol-176
Vol-330,Vol-129
Vol-330,Vol-98
Vol-329,Vol-179
Vol-329,Vol-128
Vol-329,Vol-87
Vol-329,Vol-62
Vol-327,Vol-218
Vol-327,Vol-173
Vol-326,Vol-151
Vol-325,Vol-215
Vol-325,Vol-152
Vol-315,Vol-232
Vol-314,Vol-201
Vol-314,Vol-166
Vol-313,Vol-234
Vol-304,Vol-225
Vol-303,Vol-224
Vol-303,Vol-167
Vol-300,Vol-233
Vol-297,Vol-214
Vol-297,Vol-159
Vol-288,Vol-280
Vol-288,Vol-213
Vol-287,Vol-196
Vol-286,Vol-217
Vol-286,Vol-92
Vol-283,Vol-264
Vol-283,Vol-246
Vol-283,Vol-116
Vol-283,Vol-80
Vol-283,Vol-56
Vol-283,Vol-36
Vol-283,Vol-27
Vol-283,Vol-20
Vol-283,Vol-12
Vol-283,Vol-6
Vol-271,Vol-221
Vol-264,Vol-246
Vol-264,Vol-116
Vol-264,Vol-80
Vol-264,Vol-56
Vol-264,Vol-36
Vol-264,Vol-27
Vol-264,Vol-20
Vol-264,Vol-12
Vol-264,Vol-6
Vol-258,Vol-216
Vol-258,Vol-188
Vol-256,Vol-154
Vol-255,Vol-182
Vol-250,Vol-189
Vol-250,Vol-147
Vol-250,Vol-104
Vol-250,Vol-81
Vol-250,Vol-53
Vol-250,Vol-49
Vol-250,Vol-44
Vol-250,Vol-33
Vol-250,Vol-22
Vol-250,Vol-11
Vol-248,Vol-181
Vol-248,Vol-135
Vol-247,Vol-231
Vol-247,Vol-161
Vol-247,Vol-74
Vol-246,Vol-116
Vol-246,Vol-80
Vol-246,Vol-56
Vol-246,Vol-36
Vol-246,Vol-27
Vol-246,Vol-20
Vol-246,Vol-12
Vol-246,Vol-6
Vol-235,Vol-176
Vol-235,Vol-129
Vol-235,Vol-98
Vol-231,Vol-161
Vol-231,Vol-74
Vol-227,Vol-157
Vol-224,Vol-167
Vol-222,Vol-102
Vol-218,Vol-173
Vol-217,Vol-92
Vol-216,Vol-188
Vol-215,Vol-152
Vol-214,Vol-159
Vol-211,Vol-195
Vol-202,Vol-175
Vol-201,Vol-166
Vol-200,Vol-160
Vol-200,Vol-125
Vol-197,Vol-149
Vol-189,Vol-147
Vol-189,Vol-104
Vol-189,Vol-81
Vol-189,Vol-53
Vol-189,Vol-49
Vol-189,Vol-44
Vol-189,Vol-33
Vol-189,Vol-22
Vol-189,Vol-11
Vol-185,Vol-184
Vol-185,Vol-101
Vol-185,Vol-100
Vol-185,Vol-99
Vol-184,Vol-101
Vol-184,Vol-100
Vol-184,Vol-99
Vol-181,Vol-135
Vol-179,Vol-128
Vol-179,Vol-87
Vol-179,Vol-62
Vol-177,Vol-148
Vol-176,Vol-129
Vol-176,Vol-98
Vol-162,Vol-110
Vol-161,Vol-74
Vol-160,Vol-125
Vol-147,Vol-104
Vol-147,Vol-81
Vol-147,Vol-53
Vol-147,Vol-49
Vol-147,Vol-44
Vol-147,Vol-33
Vol-147,Vol-22
Vol-147,Vol-11
Vol-146,Vol-114
Vol-142,Vol-78
Vol-141,Vol-93
Vol-139,Vol-108
Vol-134,Vol-113
Vol-130,Vol-112
Vol-129,Vol-98
Vol-128,Vol-87
Vol-128,Vol-62
Vol-126,Vol-90
Vol-120,Vol-88
Vol-120,Vol-84
Vol-116,Vol-80
Vol-116,Vol-56
Vol-116,Vol-36
Vol-116,Vol-27
Vol-116,Vol-20
Vol-116,Vol-12
Vol-116,Vol-6
Vol-115,Vol-63
Vol-104,Vol-81
Vol-104,Vol-53
Vol-104,Vol-49
Vol-104,Vol-44
Vol-104,Vol-33
Vol-104,Vol-22
Vol-104,Vol-11
Vol-88,Vol-84
Vol-87,Vol-62
Vol-81,Vol-53
Vol-81,Vol-49
Vol-81,Vol-44
Vol-81,Vol-33
Vol-81,Vol-22
Vol-81,Vol-11
Vol-80,Vol-56
Vol-80,Vol-36
Vol-80,Vol-27
Vol-80,Vol-20
Vol-80,Vol-12
Vol-80,Vol-6
Vol-79,Vol-54
Vol-79,Vol-45
Vol-79,Vol-29
Vol-79,Vol-21
Vol-79,Vol-10
Vol-79,Vol-8
Vol-79,Vol-4
Vol-79,Vol-2
Vol-79,Vol-1
Vol-77,Vol-58
Vol-77,Vol-39
Vol-77,Vol-28
Vol-77,Vol-19
